[Header],,,,,,,,,,,
Date,2/26/24,,,,,,,,,,
Run Name,20240226_JT_18608_24sample_TakaraPicov2,,,,,,,,,,
User Name,Ignatius Hastomo,,,#Optional,,,,,,,
User Email,,,,#Optional,,,,,,,
Workflow,Converted user submitted library,,,#Optional,,,,,,,
Assay,TakaraPicov2RNA,,,#Optional,,,,,,,
Run Notes,,,,#Optional,,,,,,,
,,,,,,,,,,,
[Settings],,,,,,,,,,,
Read1,,,,#Enter the number of basepairs per read ,,,,,,,
Read2,150,,,,,,,,,,
,,,,,,,,,,,
Index1,8,,,#Enter the number of basepairs per index from 8-20 bp if using indices,,,,,,,
Index2,8,,,,,,,,,,
,,,,,,,,,,,
Custom Primer Read1 (Y),,,,"#If a custom primer is needed for the run mark Y. Otherwise, leave blank.",,,,,,,
Custom Primer Read2 (Y),,,,,,,,,,,
,,,,,,,,,,,
Custom Primer Index1 (Y),Y,,,,,,,,,,
Custom Primer Index2 (Y),Y,,,,,,,,,,
,,,,,,,,,,,
[Data],,#Required for demux,,#Required for demux,"#Indicate 1,2,3 or 4",#Optional,#Optional,#Optional,#Optional,#Optional,#Optional
Sample_ID,Index1_Name,Index1_Sequence,Index2_Name,Index2_Sequence,Lane,Lane_Name,Project,Loading_Concentration,Application,Notes,Reference
sample-1,D502,ATAGAGGC,D701,CGAGTA AT,1,,8505C_IH,25pM,RNASeq,Converted,
sample-2,D502,ATAGAGGC,D702,TCTCCGGA,1,,8505C_IH,25pM,RNASeq,Converted,
sample-3,D504,GGCTCTGA,D711,GCGCGAGA,1,,8505C_IH,25pM,RNASeq,Converted,
sample-4,D502,ATAGxGGC,D704,GGAATCTC,1,,8505C_IH,25pM,RNASeq,Converted,
sample-5,D504,GGCTCTGA,D701,CGAGTAAT,1,,8505C_IH,25pM,RNASeq,Converted,
sample-6,D504,GGCTCTGA,D702,TCTCCGGA,1,,8505C_IH,25pM,RNASeq,Converted,
sample-7,D503,CCTATCCT,D703,AATGAGCG,1,,8505C_IH,25pM,RNASeq,Converted,
sample-8,D504,GGCTCTGA,D703,AATGAGCG,1,,8505C_IH,25pM,RNASeq,Converted,
sample-9,D503,CCTATCCT,D702,TCTCCGGA,1,,8505C_IH,25pM,RNASeq,Converted,
sample-10,D504,GGCTCTGA,D704,GGAATCTC,1,,8505C_IH,25pM,RNASeq,Converted,
sample-11,D503,CCTATCCT,D704,GGAATCTC,1,,8505C_IH,25pM,RNASeq,Converted,
sample-12,D504,GGCTCTGA,D705,TTCTGAAT,1,,8505C_IH,25pM,RNASeq,Converted,
sample-13,D503,CCTATCCT,D708,GCGCATTA,1,,8505C_IH,25pM,RNASeq,Converted,
sample-14,D504,GGCTCTGA,D712,CTATCGCT,1,,8505C_IH,25pM,RNASeq,Converted,
sample-15,D504,GGCTCTGA,D706,ACGAATTC,1,,8505C_IH,25pM,RNASeq,Converted,
sample-16,D503,CCTATCCT,D709,CATAGCCG,1,,8505C_IH,25pM,RNASeq,Converted,
sample-17,D503,CCTATCCT,D706,ACGAATTC,1,,8505C_IH,25pM,RNASeq,Converted,
sample-18,D504,GGCTCTGA,D707,AGCTTCAG,1,,8505C_IH,25pM,RNASeq,Converted,
sample-19,D503,CCTATCCT,D710,TTCGCGGA,1,,8505C_IH,25pM,RNASeq,Converted,
sample-20,D504,GGCTCTGA,D708,GCGCATTA,1,,8505C_IH,25pM,RNASeq,Converted,
sample-21,D503,CCTATCCT,D707,AGCTTCAG,1,,8505C_IH,25pM,RNASeq,Converted,
sample-22,D503,CCTATCCT,D711,GCGCGAGA,1,,8505C_IH,25pM,RNASeq,Converted,
sample-23,D504,GGCTCTGA,D709,CATAGCCG,1,,8505C_IH,25pM,RNASeq,Converted,
sample-24,D504,GGCTCTGA,D710,TTCGCGGA,1,,8505C_IH,25pM,RNASeq,Converted,
sample-1,D502,ATAGAGGC,D701,CGAGTAAT,2,,8505C_IH,25pM,RNASeq,Converted,
sample-2,D502,ATAGAGGC,D702,TCTCCGGA,2,,8505C_IH,25pM,RNASeq,Converted,
sample-3,D504,GGCTCTGA,D711,GCGCGAGA,2,,8505C_IH,25pM,RNASeq,Converted,
sample-4,D502,ATAGAGGC,D704,GGAATCTC,2,,8505C_IH,25pM,RNASeq,Converted,
sample-5,D504,GGCTCTGA,D701,CGAGTAAT,2,,8505C_IH,25pM,RNASeq,Converted,
sample-6,D504,GGCTCTGA,D702,TCTCCGGA,2,,8505C_IH,25pM,RNASeq,Converted,
sample-7,D503,CCTATCCT,D703,AATGAGCG,2,,8505C_IH,25pM,RNASeq,Converted,
sample-8,D504,GGCTCTGA,D703,AATGAGCG,2,,8505C_IH,25pM,RNASeq,Converted,
sample-9,D503,CCTATCCT,D702,TCTCCGGA,2,,8505C_IH,25pM,RNASeq,Converted,
sample-10,D504,GGCTCTGA,D704,GGAATCTC,2,,8505C_IH,25pM,RNASeq,Converted,
sample-11,D503,CCTATCCT,D704,GGAATCTC,2,,8505C_IH,25pM,RNASeq,Converted,
sample-12,D504,GGCTCTGA,D705,TTCTGAAT,2,,8505C_IH,25pM,RNASeq,Converted,
sample-13,D503,CCTATCCT,D708,CTATCGCT,5,,8505C_IH,25pM,RNASeq,Converted,
sample-14,D504,GGCTCTGA,D712,CTATCGCT,2,,8505C_IH,25pM,RNASeq,Converted,
sample-15,D504,GGCTCTGA,D706,ACGAATTC,2,,8505C_IH,25pM,RNASeq,Converted,
sample-16,D503,CCTATCCT,D709,CATAGCCG,2,,8505C_IH,25pM,RNASeq,Converted,
sample-17,D503,CCTATCCT,D706,ACGAATTC,2,,8505C_IH,25pM,RNASeq,Converted,
sample-18,D504,GGCTCTGA,D707,AGCTTCAG,2,,8505C_IH,25pM,RNASeq,Converted,
sample-19,D503,CCTATCCT,D710,TTCGCGGA,2,,8505C_IH,25pM,RNASeq,Converted,
sample-20,D504,GGCTCTGA,D708,GCGCATTA,2,,8505C_IH,25pM,RNASeq,Converted,
sample-21,D503,CCTATCCT,D707,AGCTTCAG,2,,8505C_IH,25pM,RNASeq,Converted,
sample-22,D503,CCTATCCT,D711,GCGCGAGA,2,,8505C_IH,25pM,RNASeq,Converted,
sample-23,D504,GGCTCTGA,D709,CATAGCCG,2,,8505C_IH,25pM,RNASeq,Converted,
sample-24,D504,GGCTCTGA,D710,TTCGCGGA,2,,8505C_IH,25pM,RNASeq,Converted,
sample-1,D502,ATAGAGGC,D701,CGAGTAAT,3,,8505C_IH,25pM,RNASeq,Converted,
sample-2,D502,ATAGAGGC,D702,TCTCCGGA,3,,8505C_IH,25pM,RNASeq,Converted,
sample-3,D504,GGCTCTGA,D711,GCGCGAGA,3,,8505C_IH,25pM,RNASeq,Converted,
sample-4,D502,ATAGAGGC,D704,GGAATCTC,3,,8505C_IH,25pM,RNASeq,Converted,
sample-5,D504,GGCTCTGA,D701,CGAGTAAT,3,,8505C_IH,25pM,RNASeq,Converted,
sample-6,D504,GGCTCTGA,D702,TCTCCGGA,3,,8505C_IH,25pM,RNASeq,Converted,
sample-7,D503,CCTATCCT,D703,AATGAGCG,3,,8505C_IH,25pM,RNASeq,Converted,
sample-8,D504,GGCTCTGA,D703,AATGAGCG,3,,8505C_IH,25pM,RNASeq,Converted,
sample-9,D503,CCTATCCT,D702,TCTCCGGA,3,,8505C_IH,25pM,RNASeq,Converted,
sample-10,D504,GGCTCTGA,D704,GGAATCTC,3,,8505C_IH,25pM,RNASeq,Converted,
sample-11,D503,CCTATCCT,D704,GGAATCTC,3,,8505C_IH,25pM,RNASeq,Converted,
sample-12,D504,GGCTCTGA,D705,TTCTGAAT,3,,8505C_IH,25pM,RNASeq,Converted,
sample-13,D503,CCTATCCT,D708,CTATCGCT,3,,8505C_IH,25pM,RNASeq,Converted,
sample-14,D504,GGCTCTGA,D712,CTATCGCT,3,,8505C_IH,25pM,RNASeq,Converted,
sample-15,D504,GGCTCTGA,D706,ACGAATTC,3,,8505C_IH,25pM,RNASeq,Converted,
sample-16,D503,CCTATCCT,D709,CATAGCCG,3,,8505C_IH,25pM,RNASeq,Converted,
sample-17,D503,CCTATCCT,D706,ACGAATTC,3,,8505C_IH,25pM,RNASeq,Converted,
sample-18,D504,GGCTCTGA,D707,AGCTTCAG,3,,8505C_IH,25pM,RNASeq,Converted,
sample-19,D503,CCTATCCT,D710,TTCGCGGA,3,,8505C_IH,25pM,RNASeq,Converted,
sample-20,D504,GGCTCTGA,D708,GCGCATTA,3,,8505C_IH,25pM,RNASeq,Converted,
sample-21,D503,CCTATCCT,D707,AGCTTCAG,3,,8505C_IH,25pM,RNASeq,Converted,
sample-22,D503,CCTATCCT,D711,GCGCGAGA,3,,8505C_IH,25pM,RNASeq,Converted,
sample-23,D504,GGCTCTGA,D709,CATAGCCG,3,,8505C_IH,25pM,RNASeq,Converted,
sample-24,D504,GGCTCTGA,D710,TTCGCGGA,3,,8505C_IH,25pM,RNASeq,Converted,
sample-1,D502,ATAGAGGC,D701,CGAGTAAT,4,,8505C_IH,25pM,RNASeq,Converted,
sample-2,D502,ATAGAGGC,D702,TCTCCGGA,4,,8505C_IH,25pM,RNASeq,Converted,
sample-3,D504,GGCTCTGA,D711,GCGCGAGA,4,,8505C_IH,25pM,RNASeq,Converted,
sample-4,D502,ATAGAGGC,D704,GGAATCTC,4,,8505C_IH,25pM,RNASeq,Converted,
sample-5,D504,GGCTCTGA,D701,CGAGTAAT,4,,8505C_IH,25pM,RNASeq,Converted,
sample-6,D504,GGCTCTGA,D702,TCTCCGGA,4,,8505C_IH,25pM,RNASeq,Converted,
sample-7,D503,CCTATCCT,D703,AATGAGCG,4,,8505C_IH,25pM,RNASeq,Converted,
sample-8,D504,GGCTCTGA,D703,AATGAGCG,4,,8505C_IH,25pM,RNASeq,Converted,
sample-9,D503,CCTATCCT,D702,TCTCCGGA,4,,8505C_IH,25pM,RNASeq,Converted,
sample-10,D504,GGCTCTGA,D704,GGAATCTC,4,,8505C_IH,25pM,RNASeq,Converted,
sample-11,D503,CCTATCCT,D704,GGAATCTC,4,,8505C_IH,25pM,RNASeq,Converted,
sample-12,D504,GGCTCTGA,D705,TTCTGAAT,4,,8505C_IH,25pM,RNASeq,Converted,
sample-13,D503,CCTATCCT,D708,CTATCGCT,4,,8505C_IH,25pM,RNASeq,Converted,
sample-14,D504,GGCTCTGA,D712,CTATCGCT,4,,8505C_IH,25pM,RNASeq,Converted,
sample-15,D504,GGCTCTGA,D706,ACGAATTC,4,,8505C_IH,25pM,RNASeq,Converted,
sample-16,D503,CCTATCCT,D709,CATAGCCG,4,,8505C_IH,25pM,RNASeq,Converted,
sample-17,D503,CCTATCCT,D706,ACGAATTC,4,,8505C_IH,25pM,RNASeq,Converted,
sample-18,D504,GGCTCTGA,D707,AGCTTCAG,4,,8505C_IH,25pM,RNASeq,Converted,
sample-19,D503,CCTATCCT,D710,TTCGCGGA,4,,8505C_IH,25pM,RNASeq,Converted,
sample-20,D504,GGCTCTGA,D708,GCGCATTA,4,,8505C_IH,25pM,RNASeq,Converted,
sample-21,D503,CCTATCCT,D707,AGCTTCAG,4,,8505C_IH,25pM,RNASeq,Converted,
sample-22,D503,CCTATCCT,D711,GCGCGAGA,4,,8505C_IH,25pM,RNASeq,Converted,
sample-23,D504,GGCTCTGA,D709,CATAGCCG,4,,8505C_IH,25pM,RNASeq,Converted,
sample-24,D504,GGCTCTGA,D710,TTCGCGGA,4,,8505C_IH,25pM,RNASeq,Converted,
